Country Name,Country Code,Series Name,GDP (current US$),"GDP per capita, PPP (current international $)",GDP per capita (current US$),GDP growth (annual %),Imports of goods and services (% of GDP),"Inflation, consumer prices (annual %)","Inflation, GDP deflator (annual %)",Exports of goods and services (% of GDP),"Central government debt, total (% of GDP)",Total reserves (% of total external debt),Trade (% of GDP),"Unemployment, total (% of total labor force) (national estimate)","Population, total",Population growth (annual %),Poverty headcount ratio at national poverty lines (% of population),"Life expectancy at birth, total (years)","Literacy rate, adult female (% of females ages 15 and above)","Literacy rate, adult male (% of males ages 15 and above)","Literacy rate, adult total (% of people ages 15 and above)",Tax revenue (% of GDP),Market capitalization of listed domestic companies (% of GDP),Market capitalization of listed domestic companies (current US$),Price level ratio of PPP conversion factor (GDP) to market exchange rate,"Foreign direct investment, net inflows (% of GDP)","Foreign direct investment, net outflows (% of GDP)"
Brazil,BRA,1998 [YR1998],8.63711E+11,8503.697887,5049.76612,0.338097901,9.408084592,3.195076293,4.924361585,7.030500339,0,18.38325825,16.43858493,10.15,171039804,1.468339709,0,69.189,0,0,0,0,0,0.00,0.593831788,3.340887134,0.330436104
Brazil,BRA,1999 [YR1999],5.99642E+11,8541.710725,3456.423595,0.467937566,11.41726822,4.858447499,8.010500883,9.564898261,0,14.82664435,20.98216648,11.13,173486281,1.420222287,0,69.524,0,0,0,0,0,0.00,0.404652382,4.733769826,0.249758658
Brazil,BRA,2000 [YR2000],6.55448E+11,8994.743062,3726.81142,4.387949447,12.45171335,7.044141059,5.606065141,10.188048,0,13.61389956,22.63976136,0,175873720,1.36677133,0,69.737,86.50005341,86.22798157,86.36788177,0,34.503461,226152000000.00,0.414332171,5.033917141,0.380970769
Brazil,BRA,2001 [YR2001],5.59984E+11,9202.876484,3142.235528,1.389896401,14.56457435,6.840359025,8.225094321,12.37171067,0,15.59683841,26.93628502,10.65,178211881,1.320694758,0,70.195,0,0,0,0,33.25768387,186238000000.00,0.341440585,4.147593261,-0.265917202
Brazil,BRA,2002 [YR2002],5.09795E+11,9510.823883,2824.715396,3.053461859,13.38776713,8.450164377,9.798112238,14.23059027,0,16.31088417,27.6183574,10.64,180476685,1.262841536,0,70.41,0,0,0,0,24.86518359,126762000000.00,0.297000074,3.253580632,0.486176342
Brazil,BRA,2003 [YR2003],5.58234E+11,9693.555482,3056.64968,1.140828998,12.95960101,14.71491972,14.09102152,15.18078371,0,20.89682854,28.14038472,11.17,182629278,1.185669439,0,70.72,0,0,0,0,42.01824968,234560000000.00,0.315328022,1.813400594,0.040984446
Brazil,BRA,2004 [YR2004],6.69289E+11,10407.83935,3623.223905,5.759964637,13.13249097,6.5971851,7.752060763,16.54576151,0,23.98568285,29.67825248,10.07,184722043,1.139393012,0,71.131,88.80612946,88.40946198,88.61624146,0,49.3578142,330347000000.00,0.348124503,2.71353208,1.46759909
Brazil,BRA,2005 [YR2005],8.91634E+11,10954.86026,4773.26848,3.202132061,11.84296595,6.869537209,7.431224753,15.24382927,0,28.5612586,27.08679521,10.55,186797334,1.117202878,0,71.753,0,0,0,0,53.23338638,474647000000.00,0.435721531,1.733893572,0.326410998
Brazil,BRA,2006 [YR2006],1.10763E+12,11614.49854,5866.024313,3.961988711,11.66738359,4.183568129,6.774274119,14.3743163,0,44.17989077,26.04169989,9.69,188820682,1.077353846,0,72.037,89.85559082,89.35324097,89.61522675,0,64.12335877,710247000000.00,0.505060489,1.753125435,2.600006694
Brazil,BRA,2007 [YR2007],1.39711E+12,12522.51594,7323.19034,6.069870607,11.96493627,3.641272991,6.439038087,13.3276751,0,75.62919605,25.29261137,9.28,190779453,1.032027233,0,72.365,90.22801208,89.7721405,90.0093689,0,98.03860154,1369710000000.00,0.584801838,3.190826559,1.221177955
Brazil,BRA,2008 [YR2008],1.69586E+12,13281.07439,8801.759475,5.094195447,13.72356891,5.678593903,8.778552724,13.53400051,0,73.69386983,27.25756942,8.27,192672317,0.987284203,0,72.715,90.21955109,89.83786774,90.03662109,0,34.90660541,591966000000.00,0.662729477,2.990608926,1.539949253
Brazil,BRA,2009 [YR2009],1.667E+12,13222.74888,8569.901805,-0.125812002,11.25460447,4.888034799,7.313482746,10.85137113,0,84.69323653,22.1059756,9.42,194517549,0.953147865,0,72.948,90.41121674,90.17484283,90.29821014,0,80.21899536,1337250000000.00,0.648118019,1.888482404,-0.273058441
Brazil,BRA,2010 [YR2010],2.20884E+12,14254.51977,11249.29374,7.528225818,11.90659334,5.038726901,8.423338337,10.86558477,61.31878046,81.89664251,22.77217811,0,196353492,0.939418022,0,73.182,90.68170166,90.05618286,90.37918091,14.24957596,69.97188495,1545570000000.00,0.789173815,3.73001227,1.211632962
Brazil,BRA,2011 [YR2011],2.61616E+12,14989.15778,13200.55817,3.974423079,12.3518925,6.636449622,8.318592219,11.58251268,59.3416583,87.12130079,23.93440518,7.58,198185302,0.92858963,0,73.343,91.63314819,91.16898346,91.41123962,14.85129878,46.97487248,1228940000000.00,0.880673775,3.915179541,0.614149665
Brazil,BRA,2012 [YR2012],2.46523E+12,14994.34347,12327.51556,1.921175986,13.23673455,5.40349914,7.943126941,11.87753907,59.84949,84.71370246,25.11427361,7.25,199977707,0.900343361,0,73.552,91.62490082,91.02567291,91.33785248,14.33241109,49.79039966,1227450000000.00,0.822144403,3.754962108,0.084505952
Brazil,BRA,2013 [YR2013],2.47282E+12,15535.72377,12258.56485,3.004822669,14.04372668,6.204310666,7.504564533,11.74223064,57.22840938,74.17626295,25.78595733,7.07,201721767,0.86834615,0,73.918,91.76496124,91.17796326,91.48423767,14.12530574,41.26687722,1020460000000.00,0.789056566,3.041509229,0.632618134
Brazil,BRA,2014 [YR2014],2.45604E+12,15664.80174,12071.40465,0.50395574,13.673463,6.329040155,7.846709744,11.01194282,58.45727111,65.28235059,24.68540582,6.76,203459650,0.857834829,0,74.306,92.06051636,91.36676788,91.72943115,13.49007452,34.35990073,843894000000.00,0.770606922,3.571352613,0.83902633
Brazil,BRA,2015 [YR2015],1.80221E+12,14692.63231,8783.214413,-3.545763393,14.05343452,9.029901024,7.566175012,12.90019142,67.53755403,65.59932178,26.95362594,8.54,205188205,0.845992601,0,74.332,92.34378815,91.72515869,92.04789734,13.62962937,27.21844656,490534000000.00,0.597797197,3.592149731,0.173896142
Brazil,BRA,2016 [YR2016],1.79569E+12,14208.16111,8680.735421,-3.275916908,12.06700304,8.739143523,8.103604359,12.46667904,73.41880381,67.18438705,24.53368208,11.58,206859578,0.811256478,0,74.442,93.02120209,92.57515717,92.80844116,13.71043098,42.24323455,758559000000.00,0.610968257,4.137378539,0.81826235
Brazil,BRA,2017 [YR2017],2.06351E+12,14477.86177,9896.717511,1.322869054,11.8007665,3.44637335,3.671384513,12.51896787,83.66920265,68.86837829,24.31973437,12.79,208504960,0.7922634,0,74.827,93.24371338,92.8915329,93.07582092,13.60522852,46.26645525,954715000000.00,0.683575908,3.338260284,1.034182751
Brazil,BRA,2018 [YR2018],1.91693E+12,14971.05467,9121.020092,1.783666762,14.24120388,3.664850284,4.493534331,14.6349995,86.60788412,67.18327075,28.87620337,12.33,210166592,0.793768154,0,75.109,93.42507172,93.00904083,93.22750092,13.94010799,47.82765236,916824000000.00,0.609243657,4.077487084,0.105615004
Brazil,BRA,2019 [YR2019],1.87329E+12,15307.94124,8845.323931,1.220777824,14.76733868,3.732976212,4.224258869,14.12291919,92.56525319,62.75585768,28.89025787,11.94,211782878,0.766107802,0,75.338,0,0,0,13.73769484,63.38382508,1187360000000.00,0.577825835,3.692673304,1.218157729
Brazil,BRA,2020 [YR2020],1.47611E+12,14900.10422,6923.700197,-3.276758796,15.84852654,3.211768038,6.472499608,16.453552,98.70988195,64.74387134,32.30207854,13.7,213196304,0.665176682,0,74.009,0,0,0,12.71938786,66.95816255,988374000000.00,0.464674615,2.559860419,-0.234891699
Brazil,BRA,2021 [YR2021],1.64962E+12,16260.09875,7696.785531,4.988849701,18.61975031,8.301659756,11.38406697,19.56167634,86.09497772,59.72288099,38.18142665,13.16,214326223,0.528590453,0,72.75,94.5,94.09999847,94.30000305,14.31684746,0,0.00,0.473354169,2.815132448,0.984426769
Brazil,BRA,2022 [YR2022],1.9201E+12,17821.73726,8917.673898,2.900530615,19.29445561,9.28010609,8.28319419,20.04553801,0,0,39.33999362,9.23,215313498,0.459583548,0,0,0,0,0,0,0,0.00,0.500381852,4.765497376,1.598570059
Canada,CAN,1998 [YR1998],6.33998E+11,26319.67416,21024.50993,3.896151829,38.0520106,0.995942457,-0.179362567,40.02917476,72.48279976,0,78.08118536,8.28,30155173,0.829909353,0,78.62365854,0,0,0,14.66839759,170.6516714,1081930000000.00,0.798813458,3.939952298,5.733252947
Canada,CAN,1999 [YR1999],6.7841E+11,27841.35335,22315.17429,5.162913624,38.25384431,1.734842951,1.902620339,41.861185,66.24583175,0,80.11502931,7.58,30401286,0.812842624,0,78.83902439,0,0,0,14.69992073,213.4812428,1448280000000.00,0.801511838,4.047116767,2.93768905
Canada,CAN,2000 [YR2000],7.44773E+11,29362.08416,24271.00206,5.177635668,38.55612203,2.719439957,4.335401201,44.20923582,58.73797424,0,82.76535785,6.83,30685730,0.931281553,0,79.16682927,0,0,0,14.85774318,103.5001416,770842000000.00,0.826610329,9.171024287,6.263691864
Canada,CAN,2001 [YR2001],7.38963E+11,30230.80297,23821.44559,1.78997288,36.3042633,2.52512014,1.658621134,42.03995509,57.45835645,0,78.34421839,7.22,31020902,1.086350966,0,79.39804878,0,0,0,14.18147981,83.26075265,615266000000.00,0.78798587,3.842020404,4.984265277
Canada,CAN,2002 [YR2002],7.60649E+11,30963.053,24255.33858,3.018050512,35.64837348,2.258394409,1.239049493,40.05865859,54.14911949,0,75.70703208,7.66,31360079,1.087447927,0,79.53073171,0,0,0,13.37762747,116.831457,888678000000.00,0.78336392,3.219147678,3.843512818
Canada,CAN,2003 [YR2003],8.95541E+11,32349.94366,28300.4631,1.801518136,32.97410942,2.758563214,3.254673243,36.8659852,51.27133706,0,69.84009462,7.57,31644028,0.901372739,0,79.71512195,0,0,0,13.22893471,101.6403458,910231000000.00,0.874822639,0.782967555,2.616225271
Canada,CAN,2004 [YR2004],1.02669E+12,33925.70673,32143.68141,3.086980809,32.86464868,1.857258719,3.266266004,37.32777131,46.80098583,0,70.19241999,7.19,31940655,0.933020777,0,79.99219512,0,0,0,13.34474787,114.6906726,1177520000000.00,0.947472713,0.141465896,4.365776022
Canada,CAN,2005 [YR2005],1.17311E+12,36327.22865,36382.50792,3.204200428,32.90242569,2.213552034,3.122887127,36.85670732,46.06165142,0,69.75913302,6.76,32243753,0.944466927,0,80.11268293,0,0,0,13.29949289,126.3467476,1482180000000.00,1.001521703,2.178163809,2.325412695
Canada,CAN,2006 [YR2006],1.31926E+12,38119.4132,40504.06073,2.634303814,32.64970526,2.002025395,2.573810387,35.40245922,43.29167819,0,68.05216448,6.48,32571174,1.010334503,0,80.54365854,0,0,0,13.34822067,128.9133218,1700710000000.00,1.062557299,4.87410129,3.816692472
Canada,CAN,2007 [YR2007],1.46882E+12,39575.30975,44659.89514,2.071825031,32.05386458,2.138383993,3.27836135,34.22955516,39.15856395,0,66.28341975,6.16,32889025,0.971135141,0,80.54365854,0,0,0,13.33443201,148.8643634,2186550000000.00,1.128478726,8.200559049,4.434938198
Canada,CAN,2008 [YR2008],1.55299E+12,40376.30688,46710.50558,1.004289199,32.62860281,2.370270674,3.987170431,34.39500555,45.32051127,0,67.02360836,6.28,33247118,1.082907116,0,80.72463415,0,0,0,12.3901656,66.55883269,1033650000000.00,1.1568791,4.515137142,5.710829205
Canada,CAN,2009 [YR2009],1.37463E+12,38865.41346,40876.31015,-2.925955647,29.95855751,0.299466803,-2.313985367,28.51583432,53.19244667,0,58.47439182,8.46,33628895,1.141758099,0,81.06609756,0,0,0,12.30438595,122.028302,1677430000000.00,1.051740005,1.524131181,2.745409301
Canada,CAN,2010 [YR2010],1.61734E+12,40099.44824,47562.08343,3.089919462,31.04073957,1.776871541,2.849522603,29.16738193,53.14973296,0,60.2081215,8.18,34004889,1.111864075,0,81.32219512,0,0,0,11.7328093,134.24452,2171190000000.00,1.186103189,1.837256387,2.246981822
Canada,CAN,2011 [YR2011],1.79333E+12,41666.70763,52223.69611,3.146100491,31.82034685,2.912135089,3.235540582,30.67839192,54.11938584,0,62.49873877,7.64,34339328,0.978697787,0,81.48268293,0,0,0,11.80392128,106.6661219,1912870000000.00,1.253367475,2.137833108,2.793396523
Canada,CAN,2012 [YR2012],1.82837E+12,42290.96541,52669.08996,1.760961588,32.24252342,1.515678231,1.213171702,30.35302552,55.72516494,0,62.59554894,7.39,34714222,1.085817263,0,81.66365854,0,0,0,11.66442736,112.667433,2059970000000.00,1.245398147,2.700169009,3.404593801
Canada,CAN,2013 [YR2013],1.8466E+12,44298.57873,52635.17496,2.329122506,31.89913623,0.938291898,1.737448,30.33193867,53.20086908,0,62.2310749,7.14,35082954,1.056591259,0,81.74487805,0,0,0,11.6235046,114.4711752,2113820000000.00,1.188191054,3.629803984,2.949458833
Canada,CAN,2014 [YR2014],1.80575E+12,45753.75055,50955.99832,2.870036075,32.64208628,1.906635907,1.944598697,31.73657587,51.48270813,0,64.37866216,7.02,35437435,1.005337579,0,81.78439024,0,0,0,11.80837908,116.0415795,2095420000000.00,1.113701013,3.55390337,3.598493803
Canada,CAN,2015 [YR2015],1.55651E+12,44670.08054,43596.13554,0.659176864,34.3149411,1.125241361,-0.876717545,31.84996096,55.99158378,0,66.16490207,6.95,35702908,0.746339478,0,81.81560976,0,0,0,12.38981091,102.3700787,1593400000000.00,0.975958293,3.853894537,5.391157447
Canada,CAN,2016 [YR2016],1.52799E+12,46472.34025,42315.60371,1.001394414,33.86111211,1.428759547,0.75403003,31.50257241,56.0236244,0,65.36368452,7.04,36109487,1.132348655,0,81.92487805,0,0,0,12.49656263,130.4665966,1993520000000.00,0.910554611,2.238350121,4.42448955
Canada,CAN,2017 [YR2017],1.64927E+12,48317.17458,45129.4293,3.039880225,33.6466507,1.596884129,2.56499684,31.45441015,54.46256518,0,65.10106085,6.43,36545236,1.199520711,0,81.83292683,0,0,0,12.61201668,143.5220535,2367060000000.00,0.934024592,1.53752072,4.740763695
Canada,CAN,2018 [YR2018],1.7253E+12,49992.76228,46547.79518,2.777040554,34.27448212,2.268225672,1.61741439,32.32540373,53.15153565,0,66.59988585,5.84,37065084,1.412455869,0,81.84390244,0,0,0,13.05768467,112.3227859,1937900000000.00,0.931090683,2.469356805,3.637649705
Canada,CAN,2019 [YR2019],1.74373E+12,49832.40538,46374.15275,1.888223585,33.81878946,1.949269024,1.566211232,32.35269582,53.36232469,0,66.17148528,5.69,37601230,1.436136823,0,82.22878049,0,0,0,12.7416889,138.1581549,2409100000000.00,0.930602334,2.80676687,4.353193532
Canada,CAN,2020 [YR2020],1.6476E+12,47226.36514,43349.67786,-5.074357568,31.9210782,0.716999632,0.615457491,29.68084533,74.91995451,0,61.60192354,9.66,38007166,1.073795827,0,81.6704878,0,0,0,13.56960575,160.321512,2641450000000.00,0.917912647,1.844172162,2.80419311
Canada,CAN,2021 [YR2021],2.00149E+12,53023.42056,52358.62164,5.011800875,30.95542828,3.395193185,8.153339243,30.91398771,64.04010491,0,61.86941598,7.53,38226498,0.575421916,0,82.59660976,0,0,0,13.25942833,0,0.00,0.987462165,3.233946897,4.800235105
Canada,CAN,2022 [YR2022],2.13984E+12,58399.54548,54966.48884,3.396202279,33.5439527,6.802801153,7.332574831,33.71848743,0,0,67.26244013,5.28,38929902,1.823370422,0,0,0,0,0,0,0,0.00,0.941214326,2.509778347,3.884069418
China,CHN,1998 [YR1998],1.02906E+12,2448.482291,828.5946577,7.845951788,14.08220459,-0.773186012,-0.900251629,18.34210003,0,105.9831198,32.42430463,3.1,1241935000,0.959550406,0,71.172,0,0,0,0,0,0.00,0.338411538,4.435501203,0.439915738
China,CHN,1999 [YR1999],1.09401E+12,2650.178686,873.297611,7.661651501,15.361685,-1.401472683,-1.263058939,18.16247676,0,108.4585432,33.52416176,3.1,1252735000,0.865851393,0,71.419,0,0,0,0,0,0.00,0.329524049,3.748958593,0.368917854
China,CHN,2000 [YR2000],1.21133E+12,2917.24253,959.3604121,8.490093406,18.51731765,0.347811227,2.062792614,20.8936972,0,117.721047,39.41101485,3.1,1262645000,0.787956593,49.8,71.881,86.5266037,95.13524628,90.92021179,0,0,0.00,0.32885864,3.475125973,0.380738016
China,CHN,2001 [YR2001],1.3394E+12,3208.229957,1053.112272,8.335733478,18.21521353,0.719125609,2.047049457,20.31214574,0,119.3913938,38.52735928,3.6,1271850000,0.726380638,0,72.606,0,0,0,0,0,0.00,0.328253363,3.51298868,0.723905771
China,CHN,2002 [YR2002],1.47056E+12,3532.081651,1148.514188,9.13363079,20.10265796,-0.731970902,0.602099078,22.64474567,0,160.5360997,42.74740363,4,1280400000,0.669999568,0,72.985,0,0,0,0,0,0.00,0.325166375,3.609081353,0.427324293
China,CHN,2003 [YR2003],1.66028E+12,3938.730274,1288.637543,10.03803048,24.82323147,1.127603487,2.603177719,26.98075653,0,200.8873439,51.803988,4.3,1288400000,0.622860936,0,73.371,0,0,0,0,30.89711261,512979000000.00,0.327170802,3.487418759,0.509316538
China,CHN,2004 [YR2004],1.95535E+12,4427.131003,1508.667946,10.11362138,28.44418664,3.824637431,6.95199268,31.06133758,0,251.8396412,59.50552422,4.2,1296075000,0.593932815,0,73.748,0,0,0,0,22.89723021,447720000000.00,0.340777796,3.483641464,0.407733384
China,CHN,2005 [YR2005],2.28596E+12,5056.404724,1753.414263,11.39459181,28.3780353,1.776414077,3.903744269,33.82985757,0,290.8480507,62.20789287,4.2,1303720000,0.58812499,30.2,74.111,0,0,0,8.569243858,17.57913662,401852000000.00,0.346770949,4.554263297,0.600603634
China,CHN,2006 [YR2006],2.75212E+12,5842.778636,2099.219342,12.72095567,28.44385835,1.649430995,3.926549397,36.03502555,0,331.0940728,64.4788839,4.1,1311020000,0.558374367,0,74.504,0,0,0,9.057253983,41.62084054,1145450000000.00,0.359284422,4.508600691,0.869591847
China,CHN,2007 [YR2007],3.55033E+12,6818.923409,2693.958555,14.23086093,26.75856495,4.816767674,7.749686493,35.43479853,0,409.3628405,62.19336348,4,1317885000,0.522271866,0,74.762,0,0,0,9.771406065,126.1536138,4478870000000.00,0.395070951,4.400983631,0.483189209
China,CHN,2008 [YR2008],4.59434E+12,7581.453513,3468.327063,9.65067892,25.01000133,5.92525137,7.795346037,32.60271402,0,508.7784465,57.61271534,4.2,1324655000,0.512386932,0,74.872,0,0,0,10.10142653,38.71688392,1778780000000.00,0.457475213,3.733610711,1.235048262
China,CHN,2009 [YR2009],5.10169E+12,8305.760185,3832.227428,9.398725632,20.43501444,-0.728165251,-0.209533361,24.74985594,0,539.6969718,45.18487038,4.3,1331260000,0.497381401,0,75.343,0,0,0,10.30944174,70.03858917,3573150000000.00,0.461393941,2.568894327,0.860302687
China,CHN,2010 [YR2010],6.08719E+12,9254.779603,4550.473924,10.63587106,23.53174494,3.175324753,6.881380253,27.18533272,0,392.2936172,50.71707766,4.1,1337705000,0.482959689,17.2,75.599,92.71122742,97.47946167,95.1244812,10.21204861,66.16910531,4027840000000.00,0.491689064,4.003544586,0.952058059
China,CHN,2011 [YR2011],7.55155E+12,10292.94048,5614.385739,9.550832179,24.17271524,5.553898923,8.075684467,26.56818935,0,308.7312199,50.74090459,4.1,1345035000,0.546457595,12.7,75.903,0,0,0,10.31279489,45.18423905,3412110000000.00,0.545459847,3.708806704,0.641201754
China,CHN,2012 [YR2012],8.53219E+12,11168.6973,6300.582352,7.863736449,22.77500014,2.619524326,2.331217576,25.49252222,0,295.0372843,48.26752237,4.1,1354190000,0.678345459,10.2,76.192,0,0,0,10.25676868,43.33445387,3697380000000.00,0.56412867,2.827105258,0.761392092
China,CHN,2013 [YR2013],9.57047E+12,11872.49738,7020.385682,7.766150098,22.14512114,2.621050017,2.163370027,24.59925444,0,262.1026302,46.74437558,4.05,1363240000,0.666072978,8.5,76.452,0,0,0,9.907732583,41.26383816,3949140000000.00,0.591314991,3.039855032,0.762458639
China,CHN,2014 [YR2014],10475600000000.00,12480.33853,7636.074223,7.425763656,21.39515505,1.921641628,1.031063688,23.51006091,0,219.3028525,44.90521595,4.1,1371860000,0.63032639,7.2,76.717,0,0,0,9.678618827,57.32305036,6004950000000.00,0.611848325,2.55924765,1.175391033
China,CHN,2015 [YR2015],11061600000000.00,12897.50229,8016.446016,7.041328879,18.11008945,1.437023809,-0.002944094,21.35407988,0,255.3105822,39.46416934,0,1379860000,0.581456147,5.7,76.977,0,0,0,9.376920447,74.02219533,8188020000000.00,0.621550269,2.192177616,1.576545024
China,CHN,2016 [YR2016],11233300000000.00,13483.37727,8094.390375,6.848762205,17.31003496,2.000001822,1.407346027,19.58438005,0,219.0854421,36.89441502,0,1387790000,0.573050906,4.5,77.218,0,0,0,9.122915561,65.16988992,7320740000000.00,0.600323659,1.555636959,1.92663056
China,CHN,2017 [YR2017],12310500000000.00,14243.53261,8817.045496,6.947200793,17.94013625,1.593136001,4.232681975,19.69227699,0,189.8212698,37.63241324,3.9,1396215000,0.605245013,3.1,77.248,0,0,0,9.419317653,70.76295409,8711270000000.00,0.619020979,1.349123714,1.123373274
China,CHN,2018 [YR2018],13894900000000.00,15497.82574,9905.406118,6.749773832,18.45368057,2.0747904,3.499747636,19.11210354,0,161.5149347,37.5657841,4.93,1402760000,0.467672053,1.7,77.744,95.15933228,98.46653748,96.84088898,9.052685732,45.51940894,6324880000000.00,0.639148116,1.69389433,1.029345297
China,CHN,2019 [YR2019],14280000000000.00,16655.39936,10143.86021,5.950500754,17.48010372,2.899234164,1.286700408,18.40999232,0,152.4431237,35.89009603,5.15,1407745000,0.35474089,0.6,77.968,0,0,0,8.49286377,59.63251522,8515500000000.00,0.609043349,1.310715934,0.958755617
China,CHN,2020 [YR2020],14687700000000.00,17209.44295,10408.71912,2.238638356,16.16815654,2.419421895,0.492493697,18.58613924,0,144.2887714,34.75429578,5.61,1411100000,0.23804087,0,78.077,95.61000061,98.62999725,97.15000153,8.090626234,83.16093995,12214500000000.00,0.604826034,1.72317562,1.046592404
China,CHN,2021 [YR2021],17820500000000.00,19484.30809,12617.50499,8.447478293,17.35801671,0.981015136,4.55328428,19.94397346,0,126.8427536,37.30199017,5.11,1412360000,0.0892522,0,78.211,0,0,0,0,0,0.00,0.647572648,1.930786241,1.003328458
China,CHN,2022 [YR2022],17963200000000.00,21475.61053,12720.21564,2.990804598,17.46681693,1.973575557,2.247260684,20.67700251,0,0,38.14381943,0,1412175000,-0.013099501,0,0,0,0,0,0,0,0.00,0.59230985,1.002979297,0.833329091
France,FRA,1998 [YR1998],1.50311E+12,23357.45829,24971.57449,3.588659425,23.38027481,0.651126868,0.950262691,26.12649198,62.36396883,0,49.50676679,12.07,60192790,0.370907432,0,78.60487805,0,0,0,23.02691923,10.05587194,151151000000.00,1.069104959,1.963825255,3.04044433
France,FRA,1999 [YR1999],1.49315E+12,24304.40453,24678.39106,3.421373799,23.68438521,0.537141639,0.203811155,26.07653539,59.1702064,0,49.7609206,11.98,60504420,0.516384252,0,78.75609756,0,0,0,23.63199403,100.6563333,1502950000000.00,1.015387603,3.07880407,8.400110652
France,FRA,2000 [YR2000],1.36564E+12,26091.84974,22416.42542,3.923669227,27.26627147,1.675959887,1.553290253,28.59497425,58.29925233,0,55.86124572,10.22,60921384,0.686782587,0,79.05609756,0,0,0,23.39182394,105.9308807,1446630000000.00,0.859135157,3.030746972,12.71171207
France,FRA,2001 [YR2001],1.37766E+12,27490.86726,22449.33969,1.983721419,26.69347289,1.634780795,2.008334185,28.2658952,57.81887921,0,54.95936809,8.61,61367388,0.72943079,0,79.15853659,0,0,0,23.37446366,85.26525185,1174660000000.00,0.816610821,3.639660784,6.342139085
France,FRA,2002 [YR2002],1.50141E+12,28518.82522,24288.27002,1.135531482,25.5409745,1.923412287,2.067425741,27.53105026,61.17654987,0,53.07202476,8.7,61816234,0.728746207,0,79.26097561,0,0,0,22.56722859,64.40715444,967015000000.00,0.851657452,3.433472871,3.530178297
France,FRA,2003 [YR2003],1.84454E+12,28168.6181,29627.92426,0.823160757,24.68586455,2.098472191,1.859368244,26.11196897,63.67355424,0,50.79783352,8.31,62256970,0.71044809,0,79.11463415,0,0,0,22.11691419,73.51002512,1355930000000.00,1.051806097,2.296002833,2.851311081
France,FRA,2004 [YR2004],2.11963E+12,29055.35275,33797.16244,2.829752929,25.45617156,2.142089646,1.62267544,26.46883632,64.64241302,0,51.92500788,8.91,62716306,0.735098068,0,80.16341463,0,0,0,22.1629571,73.55563658,1559110000000.00,1.163199178,1.679938591,2.883619054
France,FRA,2005 [YR2005],2.19695E+12,30494.21411,34768.1759,1.66321998,26.94765573,1.745869364,1.936341419,27.03305104,65.61117387,0,53.98070678,8.88,63188395,0.749918325,0,80.16341463,0,0,0,22.29553685,80.04356158,1758510000000.00,1.140156483,3.875247351,5.407391378
France,FRA,2006 [YR2006],2.32054E+12,32462.96007,36470.21284,2.449323601,28.16836936,1.675124496,2.155327391,27.93505509,60.97429268,0,56.10342445,8.83,63628261,0.693706612,0,80.81219512,0,0,0,22.57780885,104.6418387,2428250000000.00,1.123440769,3.402534856,5.621098684
France,FRA,2007 [YR2007],2.66059E+12,34122.70727,41557.62356,2.424736243,28.56749907,1.48799806,2.556637015,27.85325751,59.48742119,0,56.42075658,8.01,64021737,0.616493932,0,81.11219512,0,0,0,22.12201755,102.9974527,2740340000000.00,1.217887644,3.148833873,4.969835146
France,FRA,2008 [YR2008],2.9303E+12,35092.69431,45515.96175,0.25494596,29.27769803,2.812861949,2.36707384,28.11938486,65.37256949,0,57.39708289,7.39,64379696,0.557563758,0,81.21463415,0,0,0,22.00523996,50.24758456,1472410000000.00,1.297021008,2.320491389,4.641130841
France,FRA,2009 [YR2009],2.70089E+12,34676.36399,41737.76355,-2.873313828,25.62690364,0.087620478,0.066627476,24.83554721,77.94778204,0,50.46245085,9.12,64710879,0.513102876,0,81.41463415,0,0,0,20.70142768,72.05724918,1946190000000.00,1.203637254,0.682106492,3.284788888
France,FRA,2010 [YR2010],2.64519E+12,35899.40194,40676.06479,1.949437623,28.07949124,1.531122704,1.069697476,26.78829984,80.30129971,0,54.86779108,9.28,65030575,0.492821126,0,81.66341463,0,0,0,21.95265949,72.26387974,1911520000000.00,1.133056892,1.470195727,2.743114524
France,FRA,2011 [YR2011],2.86516E+12,37439.23314,43846.46608,2.192700633,30.36923895,2.111597952,0.947960225,28.42133748,82.29224206,0,58.79057642,9.23,65345233,0.482694782,0,82.11463415,0,0,0,21.81649646,54.2363527,1553960000000.00,1.171136864,1.542875408,2.250604786
France,FRA,2012 [YR2012],2.68367E+12,37677.72679,40870.85236,0.313134751,30.49903198,1.954195316,1.161825032,29.20302719,90.2797486,0,59.70205917,9.84,65662240,0.48395349,0,81.96829268,0,0,0,22.53074008,67.37741798,1808190000000.00,1.08474836,1.227596621,1.938194406
France,FRA,2013 [YR2013],2.81188E+12,39521.69698,42602.71797,0.576326675,30.39931721,0.863715498,0.778100531,29.36473787,90.96854367,0,59.76405507,9.91,66002289,0.516539661,0,82.2195122,0,0,0,23.21091787,81.83449308,2301090000000.00,1.07795771,1.123423424,0.626465435
France,FRA,2014 [YR2014],2.85596E+12,40144.02683,43068.54872,0.956183052,30.81211202,0.507758823,0.576944233,29.6666845,97.55438385,0,60.47879652,10.27,66312067,0.468246342,0,82.7195122,0,0,0,23.16141532,73.03647536,2085900000000.00,1.072850736,0.203254563,1.859043151
France,FRA,2015 [YR2015],2.43919E+12,40849.99738,36652.92231,1.112912341,31.15907156,0.037514381,1.138248785,30.59262238,97.98033326,0,61.75169393,10.35,66548272,0.35556924,0,82.32195122,0,0,0,23.19771546,85.61524406,2088320000000.00,0.897256418,1.755723741,2.100319835
France,FRA,2016 [YR2016],2.47296E+12,42924.61363,37062.53357,1.095464404,30.8526052,0.183334861,0.522559343,30.24753718,102.2620449,0,61.10014238,10.06,66724104,0.263868789,0,82.57317073,0,0,0,23.0648275,87.30601392,2159050000000.00,0.863433132,1.326491698,3.018437123
France,FRA,2017 [YR2017],2.59515E+12,44577.06457,38781.04949,2.291419994,32.01321411,1.032282751,0.521577263,30.94863319,102.2152651,0,62.96184729,9.41,66918020,0.290202116,0,82.57560976,0,0,0,23.62933465,105.9404457,2749310000000.00,0.869977641,1.38212039,1.871587119
France,FRA,2018 [YR2018],2.79096E+12,46537.47404,41557.85486,1.865066071,32.72428539,1.850815083,0.992224566,31.71366721,101.6221344,0,64.4379526,9.02,67158348,0.358494582,0,82.67560976,0,0,0,24.17084372,84.77200972,2365950000000.00,0.892997648,2.776578144,4.986679056
France,FRA,2019 [YR2019],2.72887E+12,50500.96076,40494.89829,1.842971814,32.54941778,1.108254923,1.278592146,31.59205541,104.9611611,0,64.14147319,8.41,67388001,0.341374143,14.2,82.82682927,0,0,0,24.51466278,0,0.00,0.801863919,1.960494002,3.091529733
France,FRA,2020 [YR2020],2.63901E+12,48134.95979,39055.28293,-7.784586492,29.41359525,0.476498853,2.784576522,27.45022764,123.2821129,0,56.86382289,8.01,67571107,0.271350508,14.3,82.17560976,0,0,0,24.71697305,0,0.00,0.811370428,0.733943387,1.079402977
France,FRA,2021 [YR2021],2.95788E+12,51363.72038,43658.97898,6.816589136,31.39091596,1.64233141,1.333318426,29.44875183,116.5470016,0,60.8396678,7.87,67749632,0.263854757,15.6,82.32439024,0,0,0,23.96833902,0,0.00,0.84999643,3.240998541,3.681407475
France,FRA,2022 [YR2022],2.78291E+12,55492.56555,40963.83734,2.562393564,38.13073913,5.222367484,3.031669367,34.01277399,0,0,72.14351312,7.31,67935660,0.274205279,0,0,0,0,0,0,0,0.00,0.738186042,3.78830559,4.267444132
Germany,DEU,1998 [YR1998],2.23899E+12,25345.66624,27289.05936,2.013932785,25.17806614,0.911183535,0.688465401,26.40690621,0,0,51.58497235,9.79,82047195,0.015143651,0,77.47560976,0,0,0,10.8349798,48.87257832,1094250000000.00,1.076675559,1.318741891,4.332506142
Germany,DEU,1999 [YR1999],2.19495E+12,26291.21108,26734.94254,1.887261154,26.4066172,0.585433064,0.343135142,26.95923243,0,0,53.36584963,8.85,82100243,0.064634578,0,77.72682927,0,0,0,11.50853614,65.24841388,1432170000000.00,1.016877559,3.919717995,6.351048978
Germany,DEU,2000 [YR2000],1.94798E+12,27204.29337,23694.76048,2.912502964,30.67834943,1.440268387,-0.489389005,30.84771157,0,0,61.526061,7.92,82211508,0.1354316,0,77.92682927,0,0,0,11.70500073,65.20815777,1270240000000.00,0.870993418,12.73150359,5.039682144
Germany,DEU,2001 [YR2001],1.94579E+12,28373.97419,23628.32721,1.681468481,30.21813177,1.983857313,1.30499491,31.84470712,0,0,62.06283889,7.77,82349925,0.168225361,0,78.32926829,0,0,0,10.9616854,55.08036292,1071750000000.00,0.832746483,2.926755399,3.60995029
Germany,DEU,2002 [YR2002],2.07848E+12,29178.63747,25197.2656,-0.197973835,28.3423107,1.420806156,1.378125824,32.59257911,0,0,60.93488981,8.48,82488495,0.168128319,0,78.22926829,0,0,0,10.83530471,33.00546789,686014000000.00,0.863551824,2.466615193,0.827656897
Germany,DEU,2003 [YR2003],2.50164E+12,29909.67518,30310.3576,-0.700116686,29.03760677,1.034222186,1.321253524,32.81171295,0,0,61.84931971,9.78,82534176,0.055363304,0,78.3804878,0,0,0,10.99852141,43.13274781,1079030000000.00,1.013396415,2.614345224,1.571002767
Germany,DEU,2004 [YR2004],2.81435E+12,31334.01534,34106.65812,1.175088132,30.51283525,1.665736967,1.115595867,35.71336386,0,0,66.22619911,10.73,82516260,-0.021709728,0,78.6804878,0,0,0,10.42629457,42.44373115,1194520000000.00,1.088486673,-0.725154707,0.322265025
Germany,DEU,2005 [YR2005],2.84686E+12,31794.09601,34520.23965,0.731707164,32.85914059,1.546911148,0.405207332,38.05957235,0,0,70.91871294,11.17,82469422,-0.056778262,0,78.93170732,0,0,0,10.6568166,42.22668139,1202140000000.00,1.085743707,2.101793081,3.123624231
Germany,DEU,2006 [YR2006],2.9947E+12,34158.12837,36353.88033,3.816441913,36.01682124,1.577426428,0.397281155,41.43290791,0,0,77.44972915,10.25,82376451,-0.112797498,0,79.13170732,0,0,0,10.85162762,54.68353352,1637610000000.00,1.064281975,2.91996036,4.941234732
Germany,DEU,2007 [YR2007],3.42558E+12,36292.07671,41640.08087,2.976455131,36.5516593,2.298344007,1.770273207,43.3227581,0,0,79.8744174,8.66,82266372,-0.133718573,0,79.53414634,0,0,0,11.33404013,61.45525178,2105200000000.00,1.147360103,1.484338647,4.105978609
Germany,DEU,2008 [YR2008],3.74526E+12,37802.38743,45612.71062,0.959879134,37.72561447,2.628379816,0.909330422,43.79919026,0,0,81.52480473,7.52,82110097,-0.190142845,0,79.73658537,0,0,0,11.47230109,29.6529057,1110580000000.00,1.206609257,0.826503411,2.617296561
Germany,DEU,2009 [YR2009],3.41126E+12,36816.20718,41650.36783,-5.693836336,33.10880596,0.312739007,1.841891638,38.11990694,0,0,71.2287129,7.74,81902307,-0.25338341,0,79.83658537,0,0,0,11.61493705,37.88497067,1292360000000.00,1.131305233,1.662198034,2.923781831
Germany,DEU,2010 [YR2010],3.39967E+12,38950.71088,41572.45595,4.179882499,37.30315083,1.103810378,0.645275771,42.56547341,0,0,79.86862424,6.97,81776930,-0.153198447,0,79.98780488,0,0,0,11.19029793,42.05466904,1429720000000.00,1.0673093,2.530762023,4.313451553
Germany,DEU,2011 [YR2011],3.74931E+12,42541.53109,46705.8958,3.925192705,40.14898499,2.075172837,1.069483745,45.05713628,0,0,85.20612127,5.82,80274983,-1.853714629,0,80.43658537,0,0,0,11.48138523,31.59244189,1184500000000.00,1.097889394,2.601419304,2.878087143
Germany,DEU,2012 [YR2012],3.52714E+12,43359.61483,43855.85447,0.418497594,40.20693474,2.008488848,1.496488838,46.30712014,0,0,86.51405488,5.38,80425823,0.187727801,0,80.53902439,0,0,0,11.62298611,42.13933857,1486310000000.00,1.011444743,1.855413408,2.809136341
Germany,DEU,2013 [YR2013],3.7338E+12,44993.89275,46298.92292,0.437591303,39.66019884,1.504723303,1.959391683,45.41867786,0,0,85.0788767,5.23,80645605,0.272900215,0,80.4902439,0,0,0,11.61150337,51.85344285,1936110000000.00,1.029004607,1.799764604,2.498612666
Germany,DEU,2014 [YR2014],3.88909E+12,47011.55109,48023.86998,2.209543431,39.00083008,0.906794,1.877939854,45.61926331,0,0,84.62009339,4.98,80982500,0.416877359,0,81.0902439,0,0,0,11.4825632,44.70294326,1738540000000.00,1.021533408,0.502227193,2.762892358
Germany,DEU,2015 [YR2015],3.35759E+12,47609.781,41103.25644,1.491931528,39.32548626,0.514426137,1.853678824,46.92073836,0,0,86.24622461,4.62,81686611,0.865702644,0,80.64146341,0,0,0,11.47872896,51.10220955,1715800000000.00,0.863336389,1.860729182,3.897594188
Germany,DEU,2016 [YR2016],3.46985E+12,50579.68393,42136.12079,2.229999868,38.69638311,0.491747008,1.327752223,46.07326285,0,0,84.76964597,4.12,82348669,0.807218539,0,80.9902439,0,0,0,11.29612025,49.45573417,1716040000000.00,0.833064138,1.865906917,3.225483325
Germany,DEU,2017 [YR2017],3.69085E+12,53071.45557,44652.58917,2.680231114,40.07416227,1.509494851,1.503738989,47.16304068,0,0,87.23720295,3.75,82657002,0.37372456,0,80.99268293,0,0,0,11.41912242,61.29273987,2262220000000.00,0.841367336,2.966416856,3.945145397
Germany,DEU,2018 [YR2018],3.97444E+12,55195.84054,47939.27829,0.981232606,41.2110119,1.732168798,2.007492441,47.30885914,0,0,88.51987104,3.38,82905782,0.300526702,0,80.89268293,0,0,0,11.45698198,44.16147453,1755170000000.00,0.868530632,4.1997218,4.929693035
Germany,DEU,2019 [YR2019],3.88823E+12,57397.52388,46793.68676,1.056603898,41.0167969,1.445659769,2.124384675,46.66961299,0,0,87.68640989,3.14,83092962,0.225519874,16.1,81.29268293,0,0,0,11.40856141,53.96224167,2098170000000.00,0.815256192,1.902524713,4.44382847
Germany,DEU,2020 [YR2020],3.88967E+12,56482.47563,46772.82535,-3.696788705,37.38517603,0.144877926,1.810810222,43.01312903,0,0,80.39830506,3.86,83160871,0.081693159,16,81.04146341,0,0,0,10.56230784,58.72244917,2284110000000.00,0.828094463,4.134044807,3.982623696
Germany,DEU,2021 [YR2021],4.25993E+12,58798.93735,51203.55447,2.626987267,41.71222322,3.066666667,3.057600698,47.03055459,0,0,88.74277782,3.64,83196078,0.042327057,14.7,80.90097561,0,0,0,11.22529326,0,0.00,0.870824487,2.251301763,5.040207032
Germany,DEU,2022 [YR2022],4.07219E+12,63149.59869,48432.45587,1.78520821,48.2812997,6.872574386,5.482776628,50.33785444,0,0,98.61915414,3.14,84079811,1.056627141,0,0,0,0,0,0,0,0.00,0.76694796,1.163376391,4.392450972
India,IND,1998 [YR1998],4.21351E+11,1847.256696,412.5093558,6.184415821,12.6810009,13.23083898,8.010167523,11.01846918,50.31921817,31.16589712,23.69947008,0,1021434576,1.887557865,0,61.792,0,0,0,8.113143511,0,0.00,0.223309168,0.625286202,0.011295331
India,IND,1999 [YR1999],4.5882E+11,2001.634107,440.9614546,8.845755561,13.36353343,4.66982038,3.068395521,11.45206461,51.35295144,36.08485931,24.81559804,0,1040500054,1.849333251,0,62.207,0,0,0,8.638300028,0,0.00,0.22030073,0.472644846,0.017295973
India,IND,2000 [YR2000],4.68395E+11,2087.224776,442.0347789,3.840991157,13.9036866,4.00943591,3.644970161,12.99723631,55.0042465,40.59967978,26.90092291,2.73,1059633675,1.822184002,0,62.669,0,0,0,8.810143496,48.17481018,225648000000.00,0.21178111,0.765212649,0.108782767
India,IND,2001 [YR2001],4.85441E+11,2197.109404,449.9111249,4.823966264,13.43487512,3.779293122,3.215616017,12.55837963,59.0179098,49.29728141,25.99325475,0,1078970907,1.808446421,0,63.091,47.84209824,73.4118576,61.0145607,8.079454445,30.64669668,148772000000.00,0.204774111,1.056378305,0.217149393
India,IND,2002 [YR2002],5.14938E+11,2275.441506,468.8444283,3.803975321,15.24427901,4.297152039,3.715683777,14.26438392,62.5527713,67.71967149,29.50866294,0,1098313039,1.776767874,0,63.616,0,0,0,8.676273931,33.43813807,172186000000.00,0.206045476,1.011571805,0.244897685
India,IND,2003 [YR2003],6.07699E+11,2459.953916,543.8437989,7.860381476,15.64452227,3.805858995,3.867798086,14.94791386,62.1900539,87.25872698,30.59243613,0,1117415123,1.724269032,0,64.094,0,0,0,9.108084322,50.84668796,308995000000.00,0.221078857,0.605889255,0.203693879
India,IND,2004 [YR2004],7.09149E+11,2680.898081,624.1050944,7.922936613,19.6446891,3.767251735,5.725413227,17.85912496,62.59297674,106.459372,37.50381406,0,1136264583,1.67281087,37.2,64.524,0,0,0,9.570817081,58.59764268,415544000000.00,0.232797024,0.765601405,0.259051931
India,IND,2005 [YR2005],8.20382E+11,2936.560443,710.5093449,7.923430621,22.39642292,4.24634362,5.621903263,19.60524669,62.2265261,113.7210975,42.00166962,8.7,1154638713,1.604129169,0,64.996,0,0,0,10.08093153,76.15231578,624740000000.00,0.24195291,0.88610072,0.321893491
India,IND,2006 [YR2006],9.4026E+11,3221.697778,802.013742,8.060732573,24.45653908,5.796523376,8.400938217,21.26794142,59.66673028,111.6121052,45.7244805,0,1172373788,1.52430796,0,65.412,50.82376099,75.19190216,62.75447083,11.12933705,95.21515196,895270000000.00,0.248941334,2.130168425,1.492867398
India,IND,2007 [YR2007],1.21674E+12,3510.388774,1022.732476,7.660815065,24.88656893,6.372881356,6.944418254,20.79969975,57.49753639,135.5392705,45.68626868,0,1189691809,1.46637175,0,65.788,0,0,0,12.10834699,161.2394524,1961860000000.00,0.291344504,2.07339403,1.399326201
India,IND,2008 [YR2008],1.1989E+12,3636.060371,993.5034125,3.08669806,29.27086318,8.349267049,9.193969626,24.09735726,57.29221428,113.3462732,53.36822044,0,1206734806,1.422391509,0,66.149,0,0,0,10.97717215,66.00310381,791308000000.00,0.273236226,3.620523209,1.606189439
India,IND,2009 [YR2009],1.34189E+12,3892.530031,1096.636136,7.861888833,25.87235027,10.88235294,7.040365435,20.40051937,55.25644611,111.0687833,46.27286964,0,1223640160,1.39119493,29.8,66.513,0,0,0,9.809725406,101.8944857,1367310000000.00,0.281728369,2.651590332,1.199472947
India,IND,2010 [YR2010],1.67562E+12,4215.580828,1350.634457,8.497584702,26.85427325,11.98938992,10.52603086,22.40093325,51.5919103,103.4613192,49.2552065,3.12,1240613620,1.377595812,0,66.909,0,0,0,10.38803979,105.1829528,1762460000000.00,0.320391071,1.635034111,0.952969178
India,IND,2011 [YR2011],1.82305E+12,4467.466655,1449.603301,5.241315001,31.08346869,8.911793365,8.733580144,24.54041132,51.55655366,89.33615126,55.62388001,0,1257621191,1.361588085,21.9,67.359,59.27732086,78.87722778,69.3025589,10.1773872,68.27006417,1244600000000.00,0.324479938,2.002063463,0.691587283
India,IND,2012 [YR2012],1.82764E+12,4827.945973,1434.017978,5.456388753,31.25929106,9.478996914,7.93438627,24.53443066,50.67803055,76.52670538,55.79372172,3.22,1274487215,1.33219205,0,67.887,0,0,0,10.83677172,76.07724369,1390420000000.00,0.297024446,1.312934538,0.467994189
India,IND,2013 [YR2013],1.85672E+12,5016.928746,1438.056995,6.386106401,28.41327065,10.01787847,6.186503979,25.4308613,50.31182736,69.77083946,53.84413195,0,1291132063,1.297548835,0,68.46,0,0,0,11.00162569,68.13426687,1265060000000.00,0.286640905,1.516276477,0.095057272
India,IND,2014 [YR2014],2.03913E+12,5187.255759,1559.863772,7.410227605,25.95422274,6.665656719,3.331756917,22.96796301,49.90092487,71.05481325,48.92218575,0,1307246509,1.240362184,0,69.074,0,0,0,9.984654191,82.71720817,1686710000000.00,0.300710789,1.695659598,0.57311212
India,IND,2015 [YR2015],2.10359E+12,5412.336239,1590.174322,7.996253786,22.10972471,4.906973441,2.279588108,19.81318916,49.96471839,73.78867631,41.92291387,0,1322866505,1.18779532,0,69.636,0,0,0,10.56970905,82.96153759,1745170000000.00,0.293805531,2.092115227,0.357212268
India,IND,2016 [YR2016],2.2948E+12,5778.269614,1714.279541,8.256305502,20.9242508,4.948216341,3.237974951,19.15823491,47.63375559,79.40563381,40.08248571,0,1338636340,1.185046229,0,70.117,0,0,0,11.14773842,76.09812472,1746300000000.00,0.296676973,1.937364119,0.219945069
India,IND,2017 [YR2017],2.65147E+12,6112.06665,1957.969814,6.795383419,21.95073212,3.328173375,3.969257934,18.79176484,47.58360938,80.67173048,40.74249695,0,1354195680,1.155624491,0,70.467,0,0,0,11.38744398,96.39877837,2555990000000.00,0.320344971,1.507315832,0.418263547
India,IND,2018 [YR2018],2.70293E+12,6590.882301,1974.37773,6.453851345,23.68914073,3.938826467,3.884240272,19.9278286,46.52249867,76.61111717,43.61696933,7.65,1369003306,1.087527722,0,70.71,65.79080963,82.36670685,74.37299347,12.01742775,84.43839911,2282310000000.00,0.299561977,1.558214839,0.422422743
India,IND,2019 [YR2019],2.83561E+12,6897.770038,2050.16379,3.871436941,21.24113863,3.729505735,2.405517161,18.6642649,0,82.63401681,39.90540353,6.51,1383112050,1.025310772,0,70.91,0,0,0,0,80.65028341,2286920000000.00,0.297221244,1.784826349,0.463417728
India,IND,2020 [YR2020],2.6716E+12,6517.761388,1913.219721,-5.83105322,19.098878,6.623436776,4.746548933,18.70524736,0,104.4552788,37.80412536,7.86,1396387127,0.955220858,0,70.15,0,0,0,0,97.15039924,2595470000000.00,0.293539393,2.409135951,0.416330543
India,IND,2021 [YR2021],3.15031E+12,7367.994665,2238.127139,9.050277908,24.1532946,5.131407472,8.538525481,21.5143886,0,104.180185,45.6676832,6.38,1407563842,0.797216094,0,67.24,0,0,0,0,0,0.00,0.303763404,1.419775276,0.547208108
India,IND,2022 [YR2022],3.38509E+12,8379.062487,2388.621198,7.002951544,26.92365629,6.699034141,8.318211292,22.44943776,0,0,49.37309406,0,1417173173,0.680372581,0,0,0,0,0,0,0,0.00,0.285070221,1.475300809,0.429301739
Italy,ITA,1998 [YR1998],1.27005E+12,25021.65968,22318.1373,1.810615162,21.02978594,1.955085577,2.402621678,24.06295229,0,0,45.09273823,12.12,56906744,0.028774016,0,78.97560976,0,0,0,24.64437781,0.023167546,294240000.00,0.891952716,0.207870545,0.980664889
Italy,ITA,1999 [YR1999],1.25245E+12,25602.38947,22005.05454,1.625727599,21.42004911,1.66345995,1.536128447,23.20074169,0,0,44.6207908,11.68,56916317,0.016820844,0,79.42439024,0,0,0,24.99307535,58.14541835,728240000000.00,0.859492219,0.554256596,0.020955922
Italy,ITA,2000 [YR2000],1.14668E+12,27077.63273,20137.59122,3.786955143,24.77785773,2.537685321,1.792397966,25.6277321,0,0,50.40558983,10.83,56942108,0.045303631,0,79.77804878,0,0,0,23.80974052,67.00783402,768363000000.00,0.743698366,1.148796315,0.566161145
Italy,ITA,2001 [YR2001],1.16802E+12,28039.09289,20500.9544,1.951371556,24.38579296,2.785165427,3.033592026,25.64901167,0,0,50.03480463,9.6,56974100,0.056167601,0,80.12682927,98.0421524,98.82369232,98.41661835,23.40575007,45.15896413,527467000000.00,0.731156121,1.273783228,1.401468784
Italy,ITA,2002 [YR2002],1.27677E+12,28736.57711,22376.2979,0.253942999,23.65045696,2.465323192,3.27434188,24.40746734,0,0,48.0579243,9.21,57059007,0.148916429,0,80.22926829,0,0,0,22.89138772,37.36582683,477075000000.00,0.778669562,1.350232927,0.901074069
Italy,ITA,2003 [YR2003],1.57762E+12,29198.39927,27526.32246,0.138626891,22.84665187,2.672555528,3.147807929,23.30219291,0,0,46.14884478,8.87,57313203,0.444507313,18.9,79.98292683,0,0,0,22.76357266,38.972687,614842000000.00,0.942733956,1.240657798,0.135927002
Italy,ITA,2004 [YR2004],1.80654E+12,29554.86256,31317.20079,1.423594158,23.42050197,2.206736614,2.670183681,24.00982842,0,0,47.43033039,7.87,57685327,0.647182705,19.2,80.7804878,0,0,0,22.21584927,43.70572047,789563000000.00,1.059629384,1.112663427,0.79228957
Italy,ITA,2005 [YR2005],1.85822E+12,30130.64446,32055.09208,0.817848974,24.69991838,1.985292985,2.010557901,24.60109238,0,0,49.30101076,7.73,57969484,0.491389108,19.3,80.78292683,0,0,0,21.95930961,42.94831049,798073000000.00,1.063870111,1.978351837,2.814355287
Italy,ITA,2006 [YR2006],1.94955E+12,32451.49348,33529.7266,1.790639681,26.99469075,2.09084391,2.124853915,26.17348843,0,0,53.16817918,6.78,58143979,0.300559689,19.5,81.28292683,0,0,0,23.32782117,52.65334588,1026500000000.00,1.033225994,2.92351747,3.024335615
Italy,ITA,2007 [YR2007],2.2131E+12,34145.54606,37870.74751,1.48707298,27.70041338,1.829741122,2.478994766,27.36104225,0,0,55.06145563,6.08,58438310,0.504933687,18.9,81.43414634,0,0,0,23.76334792,48.46294685,1072530000000.00,1.109097727,2.981133303,5.421951121
Italy,ITA,2008 [YR2008],2.40866E+12,35523.27131,40944.91242,-0.962012841,27.6301011,3.347832584,2.400703444,26.86277469,0,0,54.4928758,6.72,58826731,0.662469253,18.4,81.48536585,0,0,0,23.48996403,21.67548754,522088000000.00,1.152622236,-0.394476496,2.810849825
Italy,ITA,2009 [YR2009],2.19993E+12,34603.25586,37226.75719,-5.280937208,23.01960005,0.774768131,1.67883896,22.39916173,0,0,45.41876179,7.75,59095365,0.45561345,18.7,81.63658537,0,0,0,23.74294495,29.81224887,655848000000.00,1.075816604,0.754896991,0.834989649
Italy,ITA,2010 [YR2010],2.1361E+12,35156.66839,36035.645,1.713295839,26.93213852,1.525516021,0.436360538,25.07404985,0,0,52.00618837,8.36,59277417,0.307591222,19.8,82.03658537,0,0,0,23.68062299,25.04840322,535059000000.00,1.025001704,0.464889359,1.438503987
Italy,ITA,2011 [YR2011],2.29499E+12,36598.01497,38649.63948,0.707333347,28.27305899,2.780632729,1.607176983,26.87246347,0,0,55.14552246,8.36,59379449,0.171978291,19.5,82.18780488,98.57956696,99.14100647,98.84828186,23.64758929,18.80119836,431486000000.00,1.056058355,1.501767646,2.26025359
Italy,ITA,2012 [YR2012],2.08696E+12,36486.29679,35051.52127,-2.980905768,27.27547801,3.041363332,1.54730144,28.37924284,0,0,55.65472084,10.65,59539717,0.26954124,19.3,82.23902439,0,0,0,24.94682979,23.08754509,481827000000.00,0.960676318,0.00167234,0.325677283
Italy,ITA,2013 [YR2013],2.14192E+12,36314.6971,35560.08141,-1.841065451,26.23433632,1.219993423,1.147610159,28.63324308,0,0,54.8675794,12.15,60233948,1.159251117,19.4,82.6902439,0,0,0,25.13890393,28.73408594,615462000000.00,0.979220102,0.911862937,0.946610041
Italy,ITA,2014 [YR2014],2.16201E+12,36194.87392,35565.72138,-0.004547542,26.21328696,0.24104743,0.913241262,29.10882819,0,0,55.32211515,12.68,60789140,0.917504096,19.9,83.0902439,0,0,0,24.84107219,27.16511692,587312000000.00,0.982617634,0.787819995,0.947093888
Italy,ITA,2015 [YR2015],1.83664E+12,36899.38521,30242.38614,0.778304351,26.70219379,0.0387904,0.931863575,29.71598237,0,0,56.41817616,11.9,60730582,-0.096376133,20.6,82.54390244,0,0,0,24.73952717,0,0.00,0.819590515,0.724336604,0.839812878
Italy,ITA,2016 [YR2016],1.87707E+12,39926.95466,30960.73151,1.293462732,26.03971207,-0.094016657,1.13435002,29.32789075,0,0,55.36760281,11.69,60627498,-0.169884073,20.3,83.24390244,0,0,0,25.07030955,0,0.00,0.775434334,1.366845175,0.72770998
Italy,ITA,2017 [YR2017],1.9618E+12,41581.12079,32406.72032,1.667859041,27.87044263,1.226533166,0.726343221,30.73373332,0,0,58.60417595,11.21,60536709,-0.149861117,20.3,82.94634146,0,0,0,24.68367944,0,0.00,0.779361395,0.567766927,0.602211377
Italy,ITA,2018 [YR2018],2.09193E+12,43036.24378,34622.16967,0.925810941,28.94999704,1.137487636,1.068132047,31.3535542,0,0,60.30355124,10.61,60421760,-0.19006364,20.1,83.34634146,98.9719162,99.35344696,99.15576172,24.2381807,0,0.00,0.80448865,2.115255482,1.847859213
Italy,ITA,2019 [YR2019],2.0113E+12,45799.77225,33673.75096,0.483198317,28.2765605,0.611246944,0.938114135,31.60241973,0,0,59.87898022,9.95,59729081,-1.153028424,20,83.49756098,99.22389221,99.4833374,99.34909821,24.5767049,0,0.00,0.735238393,1.550498698,1.634217935
Italy,ITA,2020 [YR2020],1.89721E+12,43144.40642,31918.69349,-8.979126097,25.83684879,-0.137707574,1.571230901,29.43617352,0,0,55.27302232,9.16,59438851,-0.487095092,20.1,82.19512195,0,0,0,24.76225601,0,0.00,0.7398107,-1.164390699,-0.015934804
Italy,ITA,2021 [YR2021],2.11436E+12,46705.01791,35770.04961,6.986766416,30.4152924,1.873783258,0.596707537,32.69340172,0,0,63.10869412,9.5,59109668,-0.555357163,20.1,82.79512195,0,0,0,25.41054153,0,0.00,0.76587166,0.89443321,2.668776308
Italy,ITA,2022 [YR2022],2.01043E+12,51864.97774,34157.99012,3.674683255,38.6903652,8.201289912,3.010024306,37.14961436,0,0,75.83997956,8.07,58856847,-0.428632459,0,0,0,0,0,0,0,0.00,0.65859452,1.553302055,0.449901989
Japan,JPN,1998 [YR1998],4.09836E+12,25509.8996,32423.75545,-1.270330495,8.629380124,0.661974191,-0.026680247,10.3738061,80.47828377,0,19.00318622,4.08,126400000,0.27172961,0,80.50146341,0,0,0,0,59.52496095,2439550000000.00,1.271026384,0.061293305,0.48324401
Japan,JPN,1999 [YR1999],4.63598E+12,25735.97109,36610.16671,-0.333929958,8.320091715,-0.341296928,-1.241051347,9.805539002,90.65379413,0,18.12563072,4.68,126631000,0.182586374,0,80.46097561,0,0,0,0,96.10365334,4455350000000.00,1.422529058,0.318821556,0.523338275
Japan,JPN,2000 [YR2000],4.96836E+12,27287.27019,39169.36018,2.764647551,9.098877381,-0.676578684,-1.33626009,10.4634942,98.93382307,0,19.56237158,4.75,126843000,0.167275578,0,81.07609756,0,0,0,0,63.54656906,3157220000000.00,1.435444436,0.215124712,0.906284985
Japan,JPN,2001 [YR2001],4.37471E+12,27942.34665,34406.16902,0.386103426,9.482804509,-0.740055504,-1.084879848,10.07679996,102.846758,0,19.55960447,5.02,127149000,0.240952588,0,81.41634146,0,0,0,0,51.76406912,2264530000000.00,1.231327112,0.112602518,0.815148614
Japan,JPN,2002 [YR2002],4.18285E+12,28623.58845,32820.78863,0.041962499,9.591676459,-0.923494027,-1.390978615,10.85544561,111.8762497,0,20.44712207,5.39,127445000,0.232527187,0,81.69073171,0,0,0,0,49.47108771,2069300000000.00,1.146634311,0.276304112,0.738773474
Japan,JPN,2003 [YR2003],4.51956E+12,29392.24899,35387.04836,1.535125499,9.860323691,-0.256541816,-1.607703708,11.46580158,121.9153209,0,21.32612527,5.25,127718000,0.213980949,0,81.76,0,0,0,0,65.34034977,2953100000000.00,1.203958512,0.194079284,0.762564323
Japan,JPN,2004 [YR2004],4.89312E+12,30830.65845,38298.98017,2.186115694,10.8780888,-0.008573388,-1.1247664,12.78626462,127.5476298,0,23.66435342,4.73,127761000,0.033662258,0,82.0302439,0,0,0,0,72.70774749,3557670000000.00,1.242236855,0.153847736,0.830017787
Japan,JPN,2005 [YR2005],4.83147E+12,32169.86749,37812.89102,1.803900872,12.41405886,-0.282946069,-1.194017681,13.81589572,128.2074929,0,26.22995458,4.45,127773000,0.009392097,0,81.95512195,0,0,0,0,94.64830207,4572900000000.00,1.175413328,0.113001266,1.069344338
Japan,JPN,2006 [YR2006],4.60166E+12,33634.63171,35991.54239,1.372350128,14.35900205,0.249355116,-0.862018389,15.65737405,128.5996679,0,30.0163761,4.19,127854000,0.063373589,0,82.32195122,0,0,0,0,100.2696019,4614070000000.00,1.070073926,-0.052087906,1.263727507
Japan,JPN,2007 [YR2007],4.57975E+12,35015.98657,35779.01568,1.483969412,15.52745068,0.060039454,-0.705243547,17.28912737,132.2220465,0,32.81657805,3.89,128001000,0.114908848,0,82.50707317,0,0,0,0,94.56677902,4330920000000.00,1.021790878,0.472322844,1.593748404
Japan,JPN,2008 [YR2008],5.10668E+12,35273.79115,39876.3063,-1.224289001,16.89393316,1.380078862,-0.911530288,17.23554338,138.5742742,0,34.12947654,4,128063000,0.048425395,0,82.58756098,0,0,0,0,61.01428106,3115800000000.00,1.130479741,0.482208561,2.225391969
Japan,JPN,2009 [YR2009],5.28949E+12,33547.28342,41309.00165,-5.693236359,11.97060079,-1.35283673,-0.569564925,12.41956575,156.9844853,0,24.39016653,5.07,128047000,-0.012494631,0,82.93146341,0,0,0,0,62.5028068,3306080000000.00,1.23136652,0.231146348,1.392895437
Japan,JPN,2010 [YR2010],5.75907E+12,35335.37351,44968.15623,4.097917919,13.57996924,-0.728243208,-1.88074195,14.91850345,160.4980984,0,28.49847269,5.1,128070000,0.017960542,0,82.84268293,0,0,0,0,66.46512413,3827770000000.00,1.272610185,0.12920449,1.383148483
Japan,JPN,2011 [YR2011],6.23315E+12,36214.43977,48760.07895,0.023809524,15.42049847,-0.272455616,-1.62208025,14.77446226,175.5676412,0,30.19496073,4.55,127833000,-0.185226486,0,82.59121951,0,0,0,0,53.35006006,3325390000000.00,1.346426432,-0.013648274,1.874417447
Japan,JPN,2012 [YR2012],6.27236E+12,37605.97426,49145.28043,1.374750999,16.0561363,-0.04406451,-0.75609312,14.41477461,183.7062093,0,30.47091092,4.36,127629000,-0.159710676,0,83.09609756,0,0,0,0,55.46285383,3478830000000.00,1.306847686,0.008720202,1.875407291
Japan,JPN,2013 [YR2013],5.21233E+12,39402.0251,40898.6479,2.005100177,18.19461192,0.335037912,-0.354375054,15.78415673,186.5642973,0,33.97876865,4.04,127445000,-0.144271883,0,83.33195122,0,0,0,0,87.1619933,4543170000000.00,1.037983398,0.204293384,2.986853415
Japan,JPN,2014 [YR2014],4.89699E+12,39555.41201,38475.39525,0.296205514,20.01277922,2.759226714,1.686294786,17.41865535,192.1128503,0,37.43143457,3.59,127276000,-0.132694222,0,83.58780488,0,0,0,0,89.40166166,4377990000000.00,0.972696106,0.403354543,2.816512085
Japan,JPN,2015 [YR2015],4.44493E+12,40898.80697,34960.63938,1.560626697,17.99064852,0.795279631,2.111298993,17.43675984,194.584024,0,35.42740835,3.39,127141000,-0.106124994,0,83.79390244,0,0,0,0,110.123633,4894920000000.00,0.854808293,0.118161988,3.113997056
Japan,JPN,2016 [YR2016],5.00368E+12,40596.96866,39375.47316,0.753826746,15.25227761,-0.127258844,0.419944376,16.05796924,193.2302909,0,31.31024685,3.13,127076000,-0.051137415,0,83.98487805,0,0,0,0,99.03315164,4955300000000.00,0.969911657,0.818481615,3.569582259
Japan,JPN,2017 [YR2017],4.93084E+12,41444.21574,38834.05293,1.675331752,16.83177447,0.484199796,-0.074349504,17.5914391,193.4871708,0,34.42321357,2.82,126972000,-0.081874296,0,84.0997561,0,0,0,0,126.2021994,6222830000000.00,0.937019853,0.381319638,3.523747062
Japan,JPN,2018 [YR2018],5.04088E+12,42141.9353,39751.1331,0.643391023,18.2949862,0.989094598,-0.000237506,18.3149456,197.3346932,0,36.6099318,2.47,126811000,-0.126880068,0,84.21097561,0,0,0,0,105.077092,5296810000000.00,0.943267859,0.501685482,3.178379096
Japan,JPN,2019 [YR2019],5.11799E+12,42270.96279,40415.95676,-0.402169201,17.75289168,0.468776159,0.634803166,17.46352643,198.0170845,0,35.21641811,2.35,126633000,-0.140464978,0,84.35634146,0,0,0,0,120.9667981,6191070000000.00,0.956116305,0.780785313,5.046593108
Japan,JPN,2020 [YR2020],5.04879E+12,41683.91558,39986.92863,-4.278603688,15.81854648,-0.024995834,0.944197436,15.5494225,216.0623497,0,31.36796898,2.81,126261000,-0.294194618,0,84.56,0,0,0,0,133.0659443,6718220000000.00,0.959289166,1.239598486,2.973350117
Japan,JPN,2021 [YR2021],5.00554E+12,42833.85133,39827.12677,2.142487369,18.73894775,-0.233352779,-0.227533441,18.20157767,217.6142239,0,36.94052543,2.83,125681593,-0.459952416,0,84.44560976,0,0,0,0,0,0.00,0.929804945,0.692617831,4.194621179
Japan,JPN,2022 [YR2022],4.23114E+12,45572.72382,33815.31727,1.028624866,0,2.497702782,0.244463731,0,0,0,0,2.6,125124989,-0.443851919,0,0,0,0,0,0,0,0.00,0.742007816,1.123158147,4.145483896
United Kingdom,GBR,1998 [YR1998],1.655E+12,23707.95423,28296.76027,3.157287339,24.87876829,1.820561637,1.550192435,24.43146681,90.2909561,0,49.3102351,6.2,58487141,0.291406085,0,77.1902439,0,0,0,25.004453,138.8311589,2297650000000.00,1.193555547,6.635518909,9.545320677
United Kingdom,GBR,1999 [YR1999],1.68941E+12,24514.67863,28788.96929,3.014070476,25.29780204,1.752950801,1.42830265,24.28290954,87.38964708,0,49.58071158,6.04,58682466,0.333405882,0,77.3902439,0,0,0,25.45965618,174.9024495,2954820000000.00,1.174356381,7.688587167,14.34501147
United Kingdom,GBR,2000 [YR2000],1.66605E+12,26541.00882,28289.65269,4.092653478,26.85091764,1.182956242,1.311967611,25.61874343,87.44749774,0,52.46966107,5.56,58892514,0.357300887,0,77.74146341,0,0,0,26.07990061,154.6768252,2576990000000.00,1.065884605,9.851472459,17.52930169
United Kingdom,GBR,2001 [YR2001],1.64877E+12,27892.86138,27888.60511,2.157428178,27.28479215,1.532349603,1.815596239,25.52205797,84.29840316,0,52.80685012,4.7,59119673,0.38497597,0,77.99268293,0,0,0,25.75972018,130.370339,2149500000000.00,0.999847406,3.401995889,4.695146567
United Kingdom,GBR,2002 [YR2002],1.78578E+12,29090.90922,30078.60813,1.770765299,26.864538,1.520402459,2.22296922,24.44341867,86.26916153,0,51.30795668,5.04,59370479,0.42333708,0,78.14390244,0,0,0,24.95998791,103.9429814,1856190000000.00,1.03395215,5.026403799,6.770257902
United Kingdom,GBR,2003 [YR2003],2.0567E+12,30349.70269,34480.94106,3.123053313,26.14777621,1.376500385,2.51873363,23.97070673,86.47603549,0,50.11848294,4.81,59647577,0.465641114,0,78.44634146,0,0,0,24.5292635,117.9470312,2425820000000.00,1.136121214,1.750919442,3.990892853
United Kingdom,GBR,2004 [YR2004],2.42305E+12,32073.74911,40392.26486,2.344971482,26.35361412,1.390397567,2.653242981,23.97976455,90.33247193,0,50.33337867,4.59,59987905,0.568943113,0,78.74634146,0,0,0,25.13744692,116.2143213,2815930000000.00,1.25935589,3.592980611,5.309004205
United Kingdom,GBR,2005 [YR2005],2.54481E+12,32747.04985,42131.82707,2.668337657,27.36147718,2.08913649,3.010869415,25.17727735,91.98524195,0,52.53875453,4.75,60401206,0.686611306,0,79.04878049,0,0,0,25.47185247,120.1731609,3058180000000.00,1.286583899,9.928170779,6.283779304
United Kingdom,GBR,2006 [YR2006],2.70998E+12,34751.67375,44537.71234,2.160405321,29.36550345,2.455661664,3.00416883,27.43236353,92.00712638,0,56.79786697,5.35,60846820,0.735048678,0,79.24878049,0,0,0,25.75641432,139.5346482,3781360000000.00,1.281599058,7.514320021,5.249302452
United Kingdom,GBR,2007 [YR2007],3.093E+12,35546.26471,50438.2296,2.563460461,27.41494328,2.386561508,2.330172013,25.41920258,93.63239039,0,52.83414586,5.26,61322463,0.778666112,0,79.44878049,0,0,0,25.97529292,124.3603709,3846460000000.00,1.418945985,6.773850594,11.97528934
United Kingdom,GBR,2008 [YR2008],2.93168E+12,36771.00799,47432.8791,-0.154344315,29.0967727,3.521408563,3.325815554,27.30851545,105.2377916,0,56.40528814,5.62,61806995,0.787032622,0,79.6,0,0,0,26.43903039,63.72286876,1868150000000.00,1.289953191,8.645343155,12.1669423
United Kingdom,GBR,2009 [YR2009],2.41757E+12,35094.36471,38820.01459,-4.5104856,27.96127541,1.961731736,1.909328631,26.62921537,123.392178,0,54.59049077,7.54,62276270,0.75639086,0,80.05121951,0,0,0,24.12490125,115.6719054,2796440000000.00,1.106160915,0.601725462,-2.001927531
United Kingdom,GBR,2010 [YR2010],2.4914E+12,36578.93121,39693.19387,2.430072895,30.24700738,2.492654725,1.433519383,28.55962704,130.6916914,0,58.80663441,7.79,62766365,0.783888647,0,80.40243902,0,0,0,25.21327155,107.8463347,2686880000000.00,1.085138153,2.678599117,2.183812635
United Kingdom,GBR,2011 [YR2011],2.6664E+12,37260.67197,42150.69814,1.067610914,32.06456393,3.856112447,2.124211563,31.09263188,143.5388902,0,63.15719581,8.04,63258810,0.781506562,0,80.95121951,0,0,0,25.79907235,109.9699057,2932240000000.00,1.131238271,1.013052041,3.031559893
United Kingdom,GBR,2012 [YR2012],2.70634E+12,38332.48151,42485.58607,1.448456757,31.51541435,2.573234797,1.476300513,30.37453575,147.0179035,0,61.8899501,7.88,63700215,0.695353132,0,80.90487805,0,0,0,25.09413445,121.6269554,3291640000000.00,1.108344266,1.727453795,0.444272939
United Kingdom,GBR,2013 [YR2013],2.78632E+12,39975.1903,43449.09172,1.819863375,31.60631006,2.291666667,2.171286859,30.04921741,141.5578557,0,61.65552748,7.52,64128273,0.669740536,0,81.00487805,0,0,0,25.10694071,141.6524846,3946880000000.00,1.086901435,1.955025587,1.659930934
United Kingdom,GBR,2014 [YR2014],3.06522E+12,41285.0644,47447.58893,3.199702626,30.46734882,1.451120163,1.277796945,28.38996858,150.5759794,0,58.8573174,6.11,64602298,0.736463979,0,81.30487805,0,0,0,24.86103111,116.497011,3570890000000.00,1.14926765,1.921244878,-3.716380063
United Kingdom,GBR,2015 [YR2015],2.93486E+12,42597.68296,45071.07432,2.393103184,29.28269577,0.368046842,0.712571162,27.63032549,147.6109814,0,56.91302125,5.3,65116219,0.792367506,0,80.95609756,0,0,0,24.98987505,0,0.00,1.058063988,1.54465681,-2.05042348
United Kingdom,GBR,2016 [YR2016],2.69966E+12,44255.11207,41146.07736,2.165206211,30.60574825,1.008417368,1.878609518,28.6504713,156.0049433,0,59.25621955,4.81,65611593,0.757874493,17,81.15609756,0,0,0,25.34052927,0,0.00,0.929747445,12.03163593,1.218978535
United Kingdom,GBR,2017 [YR2017],2.68349E+12,46104.0554,40622.68939,2.44357047,32.12711894,2.557755776,1.791164227,30.67244826,161.0885905,0,62.7995672,4.33,66058859,0.679374474,18.6,81.25609756,0,0,0,25.55126887,0,0.00,0.88110881,4.67148674,6.411202611
United Kingdom,GBR,2018 [YR2018],2.87815E+12,47202.19961,43306.3083,1.705021022,32.76488938,2.292839903,1.737852883,31.23490667,157.8036627,0,63.99979605,4,66460344,0.605929132,0,81.25609756,0,0,0,25.47049471,0,0.00,0.917463776,-0.870539118,-0.994809614
United Kingdom,GBR,2019 [YR2019],2.85706E+12,49288.69311,42747.08046,1.604308648,32.87254707,1.738104601,2.113413782,31.25760606,160.0202471,0,64.13015313,3.74,66836327,0.564131113,0,81.40487805,0,0,0,25.03931471,0,0.00,0.867279649,0.692697277,-0.752463024
United Kingdom,GBR,2020 [YR2020],2.70461E+12,45872.02729,40318.41692,-11.03085846,28.87896913,0.989486704,5.933146815,29.23718972,195.3922888,0,58.11615884,0,67081234,0.365758264,0,80.35121951,0,0,0,24.73812497,0,0.00,0.878932528,4.898158179,-0.164342622
United Kingdom,GBR,2021 [YR2021],3.12248E+12,50056.26629,46585.89756,7.597470972,30.05502487,2.518371096,0.016574,28.81996048,186.4819936,0,58.87498535,0,67026300,-0.081925305,0,80.7,0,0,0,26.38066536,0,0.00,0.930670644,0.189665013,5.153979051
United Kingdom,GBR,2022 [YR2022],3.07067E+12,54602.54438,45850.42612,4.101621381,36.20039514,7.922048831,5.410726593,32.72264633,0,0,68.92304148,0,66971411,-0.081925285,0,0,0,0,0,0,0,0.00,0.839712263,1.437045859,5.17561175
United States,USA,1998 [YR1998],9.06282E+12,32853.67695,32853.67695,4.481394432,12.31062982,1.552279099,1.125533104,10.51526113,41.12914898,0,22.82589095,4.51,275854000,1.165714526,0,76.5804878,0,0,0,12.32982914,142.5889796,12922600000000.00,1,2.329849229,1.9283185
United States,USA,1999 [YR1999],9.63117E+12,34515.39023,34515.39023,4.794499045,13.00422915,2.188027197,1.409232756,10.30933456,37.72727827,0,23.3135637,4.22,279040000,1.148340047,0,76.58292683,0,0,0,12.25997931,153.4328697,14777400000000.00,1,3.244142242,2.5696243
United States,USA,2000 [YR2000],10250900000000.00,36329.95607,36329.95607,4.077159479,14.41021845,3.376857271,2.26554767,10.69277691,33.26765486,0,25.10299536,3.99,282162411,1.112768997,0,76.63658537,0,0,0,12.97080036,147.379062,15107800000000.00,1,3.405782569,1.818075753
United States,USA,2001 [YR2001],10581900000000.00,37133.62311,37133.62311,0.954338729,13.26373384,2.826171119,2.252952359,9.703447499,52.44367633,0,22.96718134,4.73,284968955,0.989741382,0,76.83658537,0,0,0,11.8577039,132.1466528,13983700000000.00,1,1.630099648,1.380097989
United States,USA,2002 [YR2002],10929100000000.00,37997.75966,37997.75966,1.695942923,13.1549926,1.586031627,1.558531389,9.131381514,53.86251404,0,22.28637411,5.78,287625193,0.927797486,0,76.93658537,0,0,0,9.868012202,101.1466351,11054400000000.00,1,1.016139191,1.637690092
United States,USA,2003 [YR2003],11456400000000.00,39490.27496,39490.27496,2.796209101,13.59165432,2.270094973,1.973599317,9.035658683,56.25040459,0,22.62731301,5.99,290107933,0.859481713,0,77.03658537,0,0,0,9.390699103,124.5261452,14266300000000.00,1,1.02218472,1.704001987
United States,USA,2004 [YR2004],12217200000000.00,41724.63163,41724.63163,3.852552601,14.81931218,2.677236693,2.684408042,9.628750081,56.6622864,0,24.44806226,5.53,292805298,0.925483969,0,77.48780488,0,0,0,9.537472979,133.6127379,16323700000000.00,1,1.748691345,3.061292344
United States,USA,2005 [YR2005],13039200000000.00,44123.40707,44123.40707,3.48322032,15.6564983,3.392746845,3.135824067,9.982054732,56.53884791,0,25.63855303,5.08,295516599,0.921713167,0,77.48780488,0,0,0,10.68173114,130.3827345,17000900000000.00,1,1.091662133,0.403329984
United States,USA,2006 [YR2006],13815600000000.00,46302.00088,46302.00088,2.782810626,16.33389163,3.225944101,3.085582932,10.64138647,55.46733576,0,26.9752781,4.62,298379912,0.964253917,0,77.68780488,0,0,0,11.31047567,141.644163,19569000000000.00,1,2.160335287,2.054208779
United States,USA,2007 [YR2007],14474200000000.00,48050.22378,48050.22378,2.010507552,16.54822752,2.852672482,2.702526569,11.46379016,55.65992611,0,28.01201768,4.62,301231207,0.951055243,0,77.98780488,0,0,0,11.28991352,137.6396816,19922300000000.00,1,2.394690938,3.619467923
United States,USA,2008 [YR2008],14769900000000.00,48570.04598,48570.04598,0.122188443,17.44194843,3.839100297,1.917932978,12.42584736,63.81512982,0,29.86779579,5.78,304093966,0.945865287,0,78.03902439,0,0,0,10.27619094,78.47250698,11590300000000.00,1,2.309379021,2.32624445
United States,USA,2009 [YR2009],14478100000000.00,47194.94335,47194.94335,-2.599888351,13.82731055,-0.355546266,0.640954733,10.93222062,75.8420483,0,24.75953117,9.25,306771529,0.876651299,0,78.3902439,0,0,0,7.90351822,104.1388183,15077300000000.00,1,1.112600342,2.159107598
United States,USA,2010 [YR2010],15049000000000.00,48650.64313,48650.64313,2.708856694,15.87853443,1.640043442,1.201791625,12.34136081,84.96441099,0,28.21989523,9.63,309327143,0.829616675,0,78.54146341,0,0,0,8.563225761,114.8481129,17283500000000.00,1,1.754532686,2.324598488
United States,USA,2011 [YR2011],15599700000000.00,50065.9665,50065.9665,1.54989495,17.27901909,3.156841569,2.07771382,13.56346715,89.54681703,0,30.84248624,8.95,311583481,0.726786705,0,78.64146341,0,0,0,9.538930988,100.2626899,15640700000000.00,1,1.689112771,2.798869292
United States,USA,2012 [YR2012],16254000000000.00,51784.41857,51784.41857,2.280687603,17.03778597,2.069337265,1.870595529,13.6440494,93.64926176,0,30.68183537,8.07,313877662,0.733599941,0,78.74146341,0,0,0,9.76391603,114.8539751,18668300000000.00,1,1.540208119,2.320909589
United States,USA,2013 [YR2013],16843200000000.00,53291.12769,53291.12769,1.841875395,16.42429277,1.464832656,1.750949779,13.57807437,95.53468821,0,30.00236714,7.37,316059947,0.692860277,0,78.74146341,0,0,0,10.48350933,142.6977437,24034900000000.00,1,1.710667534,2.332075912
United States,USA,2014 [YR2014],17550700000000.00,55123.84979,55123.84979,2.287775933,16.45204044,1.622222977,1.869891372,13.54595934,95.76669869,0,29.99799978,6.17,318386329,0.73336152,0,78.84146341,0,0,0,10.93318083,150.0260328,26330600000000.00,1,1.435021307,2.208056874
United States,USA,2015 [YR2015],18206000000000.00,56762.72945,56762.72945,2.706369582,15.35124034,0.118627136,1.000541633,12.46099316,96.42522795,0,27.8122335,5.28,320738994,0.736217309,0,78.6902439,0,0,0,11.22900841,137.6881854,25067500000000.00,1,2.809147629,1.659181895
United States,USA,2016 [YR2016],18695100000000.00,57866.74493,57866.74493,1.667472076,14.64746063,1.261583206,1.00223548,11.93953873,98.50410172,0,26.58699936,4.87,323071755,0.724676067,0,78.53902439,0,0,0,10.91413748,146.3067053,27352200000000.00,1,2.537497659,1.603708063
United States,USA,2017 [YR2017],19477300000000.00,59907.75426,59907.75426,2.241921216,15.0174229,2.130110004,1.89961014,12.26173812,97.69293636,0,27.27916102,4.36,325122128,0.632643995,0,78.53902439,0,0,0,11.58390417,164.9132189,32120700000000.00,1,1.955210863,2.101996846
United States,USA,2018 [YR2018],20533100000000.00,62823.30944,62823.30944,2.945384831,15.24939006,2.442583297,2.404058593,12.36098922,99.06097612,0,27.61037927,3.9,326838199,0.526435396,0,78.63902439,0,0,0,9.994403994,148.2307899,30436300000000.00,1,1.045703992,-0.636631935
United States,USA,2019 [YR2019],21381000000000.00,65120.39466,65120.39466,2.294439078,14.57947936,1.812210075,1.793930501,11.87247011,100.8050422,0,26.45194947,3.67,328329953,0.455381286,0,78.78780488,0,0,0,9.960869832,158.5092636,33890800000000.00,1,1.477874528,0.537519893
United States,USA,2020 [YR2020],21060500000000.00,63528.6343,63528.6343,-2.767802511,13.18163614,1.233584396,1.304912071,10.20212574,126.2324936,0,23.38376188,8.05,331511512,0.9643479,0,76.9804878,0,0,0,10.13527017,193.3463708,40719700000000.00,1,0.656979527,1.361137481
United States,USA,2021 [YR2021],23315100000000.00,70219.47245,70219.47245,5.945484761,14.58867359,4.697858864,4.492792236,10.89272668,120.3740168,0,25.48140027,5.35,332031554,0.156747055,0,76.32926829,0,0,0,11.2336202,0,0.00,1,2.114875815,1.690193602
United States,USA,2022 [YR2022],25462700000000.00,76398.59174,76398.59174,2.061593119,0,8.002799821,7.005275556,0,0,0,0,3.65,333287557,0.377564531,0,0,0,0,0,0,0,0.00,1,1.524103885,1.674021215
